{"cameraMode":{"drawMode":0,"name":"Shaded","section":"Shading Mode"},"sceneLighting":true,"audioPlay":false,"sceneViewState":{"m_AlwaysRefresh":false,"showFog":true,"showSkybox":true,"showFlares":true,"showImageEffects":true,"showParticleSystems":true,"showVisualEffectGraphs":true,"m_FxEnabled":true},"in2DMode":false,"pivot":{"x":0.43527841567993166,"y":1.9045262336730958,"z":-0.43125295639038088},"rotation":{"x":0.08532965928316117,"y":0.8996748924255371,"z":-0.20392461121082307,"w":0.37645524740219118},"size":2.9029643535614015,"orthographic":false}