{"cameraMode":{"drawMode":0,"name":"Shaded","section":"Shading Mode"},"sceneLighting":true,"audioPlay":false,"sceneViewState":{"m_AlwaysRefresh":false,"showFog":true,"showSkybox":true,"showFlares":true,"showImageEffects":true,"showParticleSystems":true,"showVisualEffectGraphs":true,"m_FxEnabled":true},"in2DMode":false,"pivot":{"x":0.45500409603118899,"y":2.714324712753296,"z":101.0186538696289},"rotation":{"x":0.3769252896308899,"y":0.2533430755138397,"z":-0.10797826200723648,"w":0.8843569159507752},"size":20.440032958984376,"orthographic":false}